case_id,task_id,timestamp,resource,message
FZXHC6,1,"2024-10-12 11:33:02,402",get_attractions,fetching attractions
FZXHC6,1,"2024-10-12 11:33:02,403",get_attractions,fetched 3 attractions
FZXHC6,2,"2024-10-12 11:33:02,404",get_attractions_time_slots,fetching time slots
FZXHC6,2,"2024-10-12 11:33:02,405",get_attractions_time_slots,fetched 7 time slots
FZXHC6,3,"2024-10-12 11:33:02,406",get_attractions_tickets,fetching available tickets
FZXHC6,3,"2024-10-12 11:33:02,406",get_attractions_tickets,fetched 3 available tickets
FZXHC6,4,"2024-10-12 11:33:02,424",booking,invalid payment details
1LRGTX,1,"2024-10-12 11:33:02,425",get_attractions,fetching attractions
1LRGTX,1,"2024-10-12 11:33:02,425",get_attractions,fetched 3 attractions
1LRGTX,2,"2024-10-12 11:33:02,427",get_attractions_time_slots,fetching time slots
1LRGTX,2,"2024-10-12 11:33:02,427",get_attractions_time_slots,fetched 7 time slots
CIOZ3Z,1,"2024-10-12 11:33:02,428",get_attractions,fetching attractions
CIOZ3Z,1,"2024-10-12 11:33:02,428",get_attractions,fetched 3 attractions
CIOZ3Z,2,"2024-10-12 11:33:02,429",get_attractions_time_slots,fetching time slots
CIOZ3Z,2,"2024-10-12 11:33:02,429",get_attractions_time_slots,fetched 7 time slots
4DDGNP,1,"2024-10-12 11:33:02,430",get_attractions,fetching attractions
4DDGNP,1,"2024-10-12 11:33:02,430",get_attractions,fetched 3 attractions
4DDGNP,2,"2024-10-12 11:33:02,431",get_attractions_time_slots,fetching time slots
4DDGNP,2,"2024-10-12 11:33:02,431",get_attractions_time_slots,fetched 7 time slots
SBOK7O,1,"2024-10-12 11:33:02,432",get_attractions,fetching attractions
SBOK7O,1,"2024-10-12 11:33:02,433",get_attractions,fetched 3 attractions
SBOK7O,2,"2024-10-12 11:33:02,433",get_attractions_time_slots,fetching time slots
SBOK7O,2,"2024-10-12 11:33:02,434",get_attractions_time_slots,fetched 7 time slots
SBOK7O,3,"2024-10-12 11:33:02,435",get_attractions_tickets,fetching available tickets
SBOK7O,3,"2024-10-12 11:33:02,435",get_attractions_tickets,fetched 3 available tickets
DTRA0G,1,"2024-10-12 11:33:02,438",get_attractions,fetching attractions
DTRA0G,1,"2024-10-12 11:33:02,438",get_attractions,fetched 3 attractions
DTRA0G,2,"2024-10-12 11:33:02,439",get_attractions_time_slots,fetching time slots
DTRA0G,2,"2024-10-12 11:33:02,439",get_attractions_time_slots,fetched 7 time slots
Z43495,1,"2024-10-12 11:33:02,440",get_attractions,fetching attractions
Z43495,1,"2024-10-12 11:33:02,440",get_attractions,fetched 3 attractions
Z43495,2,"2024-10-12 11:33:02,441",get_attractions_time_slots,fetching time slots
Z43495,2,"2024-10-12 11:33:02,442",get_attractions_time_slots,fetched 7 time slots
IOGI1V,1,"2024-10-12 11:33:02,443",get_attractions,fetching attractions
IOGI1V,1,"2024-10-12 11:33:02,443",get_attractions,fetched 3 attractions
IOGI1V,2,"2024-10-12 11:33:02,444",get_attractions_time_slots,fetching time slots
IOGI1V,2,"2024-10-12 11:33:02,444",get_attractions_time_slots,fetched 7 time slots
Y1WVD0,1,"2024-10-12 11:33:02,445",get_attractions,fetching attractions
Y1WVD0,1,"2024-10-12 11:33:02,445",get_attractions,fetched 3 attractions
Y1WVD0,2,"2024-10-12 11:33:02,446",get_attractions_time_slots,fetching time slots
Y1WVD0,2,"2024-10-12 11:33:02,446",get_attractions_time_slots,fetched 7 time slots
Y1WVD0,3,"2024-10-12 11:33:02,447",get_attractions_tickets,fetching available tickets
Y1WVD0,3,"2024-10-12 11:33:02,447",get_attractions_tickets,fetched 3 available tickets
Y1WVD0,4,"2024-10-12 11:33:02,450",booking,invalid payment details
TI7M3M,1,"2024-10-12 11:33:02,451",get_attractions,fetching attractions
TI7M3M,1,"2024-10-12 11:33:02,451",get_attractions,fetched 3 attractions
TI7M3M,2,"2024-10-12 11:33:02,452",get_attractions_time_slots,fetching time slots
TI7M3M,2,"2024-10-12 11:33:02,452",get_attractions_time_slots,fetched 7 time slots
TI7M3M,3,"2024-10-12 11:33:02,453",get_attractions_tickets,fetching available tickets
TI7M3M,3,"2024-10-12 11:33:02,453",get_attractions_tickets,fetched 3 available tickets
TI7M3M,4,"2024-10-12 11:33:02,456",booking,invalid payment details
OO04VT,1,"2024-10-12 11:33:02,457",get_attractions,fetching attractions
OO04VT,1,"2024-10-12 11:33:02,457",get_attractions,fetched 3 attractions
OO04VT,2,"2024-10-12 11:33:02,458",get_attractions_time_slots,fetching time slots
OO04VT,2,"2024-10-12 11:33:02,459",get_attractions_time_slots,fetched 7 time slots
OO04VT,3,"2024-10-12 11:33:02,459",get_attractions_tickets,fetching available tickets
OO04VT,3,"2024-10-12 11:33:02,460",get_attractions_tickets,fetched 3 available tickets
OO04VT,4,"2024-10-12 11:33:02,462",booking,saving booking for attraction Art Gallery
OO04VT,4,"2024-10-12 11:33:02,463",booking,saving booking for attraction Art Gallery
OO04VT,4,"2024-10-12 11:33:02,464",booking,updating available tickets for attraction Art Gallery
OO04VT,4,"2024-10-12 11:33:02,464",booking,booking successful
OO04VT,5,"2024-10-12 11:33:02,465",get_booking,fetching booking
OO04VT,5,"2024-10-12 11:33:02,465",get_booking,fetched booking
8PI6M5,1,"2024-10-12 11:33:02,466",get_attractions,fetching attractions
8PI6M5,1,"2024-10-12 11:33:02,466",get_attractions,fetched 3 attractions
8PI6M5,2,"2024-10-12 11:33:02,467",get_attractions_time_slots,fetching time slots
8PI6M5,2,"2024-10-12 11:33:02,467",get_attractions_time_slots,fetched 7 time slots
SHCZ6Q,1,"2024-10-12 11:33:02,469",get_attractions,fetching attractions
SHCZ6Q,1,"2024-10-12 11:33:02,469",get_attractions,fetched 3 attractions
SHCZ6Q,2,"2024-10-12 11:33:02,470",get_attractions_time_slots,fetching time slots
SHCZ6Q,2,"2024-10-12 11:33:02,470",get_attractions_time_slots,fetched 7 time slots
SHCZ6Q,3,"2024-10-12 11:33:02,471",get_attractions_tickets,fetching available tickets
SHCZ6Q,3,"2024-10-12 11:33:02,471",get_attractions_tickets,fetched 3 available tickets
Y82Q56,1,"2024-10-12 11:33:02,473",get_attractions,fetching attractions
Y82Q56,1,"2024-10-12 11:33:02,474",get_attractions,fetched 3 attractions
Y82Q56,2,"2024-10-12 11:33:02,475",get_attractions_time_slots,fetching time slots
Y82Q56,2,"2024-10-12 11:33:02,475",get_attractions_time_slots,fetched 7 time slots
Y82Q56,3,"2024-10-12 11:33:02,476",get_attractions_tickets,fetching available tickets
Y82Q56,3,"2024-10-12 11:33:02,476",get_attractions_tickets,fetched 3 available tickets
VT4XWP,1,"2024-10-12 11:33:02,478",get_attractions,fetching attractions
VT4XWP,1,"2024-10-12 11:33:02,478",get_attractions,fetched 3 attractions
VT4XWP,2,"2024-10-12 11:33:02,479",get_attractions_time_slots,fetching time slots
VT4XWP,2,"2024-10-12 11:33:02,479",get_attractions_time_slots,fetched 7 time slots
VT4XWP,3,"2024-10-12 11:33:02,480",get_attractions_tickets,fetching available tickets
VT4XWP,3,"2024-10-12 11:33:02,481",get_attractions_tickets,fetched 3 available tickets
VT4XWP,4,"2024-10-12 11:33:02,483",booking,invalid payment details
QQOIDB,1,"2024-10-12 11:33:02,484",get_attractions,fetching attractions
QQOIDB,1,"2024-10-12 11:33:02,484",get_attractions,fetched 3 attractions
QQOIDB,2,"2024-10-12 11:33:02,485",get_attractions_time_slots,fetching time slots
QQOIDB,2,"2024-10-12 11:33:02,485",get_attractions_time_slots,fetched 7 time slots
QQOIDB,3,"2024-10-12 11:33:02,487",get_attractions_tickets,fetching available tickets
QQOIDB,3,"2024-10-12 11:33:02,487",get_attractions_tickets,fetched 3 available tickets
QQOIDB,4,"2024-10-12 11:33:02,489",booking,saving booking for attraction Art Gallery
QQOIDB,4,"2024-10-12 11:33:02,490",booking,saving booking for attraction Art Gallery
QQOIDB,4,"2024-10-12 11:33:02,490",booking,updating available tickets for attraction Art Gallery
QQOIDB,4,"2024-10-12 11:33:02,491",booking,booking successful
QQOIDB,5,"2024-10-12 11:33:02,492",get_booking,fetching booking
QQOIDB,5,"2024-10-12 11:33:02,492",get_booking,fetched booking
8L3OFK,1,"2024-10-12 11:33:02,493",get_attractions,fetching attractions
8L3OFK,1,"2024-10-12 11:33:02,493",get_attractions,fetched 3 attractions
8L3OFK,2,"2024-10-12 11:33:02,494",get_attractions_time_slots,fetching time slots
8L3OFK,2,"2024-10-12 11:33:02,494",get_attractions_time_slots,fetched 7 time slots
8L3OFK,3,"2024-10-12 11:33:02,495",get_attractions_tickets,fetching available tickets
8L3OFK,3,"2024-10-12 11:33:02,495",get_attractions_tickets,fetched 3 available tickets
5LVGD0,1,"2024-10-12 11:33:02,497",get_attractions,fetching attractions
5LVGD0,1,"2024-10-12 11:33:02,498",get_attractions,fetched 3 attractions
5LVGD0,2,"2024-10-12 11:33:02,499",get_attractions_time_slots,fetching time slots
5LVGD0,2,"2024-10-12 11:33:02,499",get_attractions_time_slots,fetched 7 time slots
5LVGD0,3,"2024-10-12 11:33:02,500",get_attractions_tickets,fetching available tickets
5LVGD0,3,"2024-10-12 11:33:02,500",get_attractions_tickets,fetched 3 available tickets
NLBWS0,1,"2024-10-12 11:33:02,502",get_attractions,fetching attractions
NLBWS0,1,"2024-10-12 11:33:02,502",get_attractions,fetched 3 attractions
NLBWS0,2,"2024-10-12 11:33:02,503",get_attractions_time_slots,fetching time slots
NLBWS0,2,"2024-10-12 11:33:02,504",get_attractions_time_slots,fetched 7 time slots
NLBWS0,3,"2024-10-12 11:33:02,505",get_attractions_tickets,fetching available tickets
NLBWS0,3,"2024-10-12 11:33:02,505",get_attractions_tickets,fetched 3 available tickets
NLBWS0,4,"2024-10-12 11:33:02,508",booking,saving booking for attraction Art Gallery
NLBWS0,4,"2024-10-12 11:33:02,508",booking,saving booking for attraction Art Gallery
NLBWS0,4,"2024-10-12 11:33:02,509",booking,updating available tickets for attraction Art Gallery
NLBWS0,4,"2024-10-12 11:33:02,509",booking,booking successful
NLBWS0,5,"2024-10-12 11:33:02,510",get_booking,fetching booking
NLBWS0,5,"2024-10-12 11:33:02,510",get_booking,fetched booking
71EEO0,1,"2024-10-12 11:33:02,511",get_attractions,fetching attractions
71EEO0,1,"2024-10-12 11:33:02,511",get_attractions,fetched 3 attractions
71EEO0,2,"2024-10-12 11:33:02,512",get_attractions_time_slots,fetching time slots
71EEO0,2,"2024-10-12 11:33:02,512",get_attractions_time_slots,fetched 7 time slots
71EEO0,3,"2024-10-12 11:33:02,513",get_attractions_tickets,fetching available tickets
71EEO0,3,"2024-10-12 11:33:02,513",get_attractions_tickets,fetched 3 available tickets
71EEO0,4,"2024-10-12 11:33:02,516",booking,saving booking for attraction Aquarium
71EEO0,4,"2024-10-12 11:33:02,516",booking,saving booking for attraction Aquarium
71EEO0,4,"2024-10-12 11:33:02,517",booking,updating available tickets for attraction Aquarium
71EEO0,4,"2024-10-12 11:33:02,517",booking,booking successful
71EEO0,5,"2024-10-12 11:33:02,518",get_booking,fetching booking
71EEO0,5,"2024-10-12 11:33:02,518",get_booking,fetched booking
5SWO1S,1,"2024-10-12 11:33:02,519",get_attractions,fetching attractions
5SWO1S,1,"2024-10-12 11:33:02,519",get_attractions,fetched 3 attractions
5SWO1S,2,"2024-10-12 11:33:02,520",get_attractions_time_slots,fetching time slots
5SWO1S,2,"2024-10-12 11:33:02,520",get_attractions_time_slots,fetched 7 time slots
5SWO1S,3,"2024-10-12 11:33:02,521",get_attractions_tickets,fetching available tickets
5SWO1S,3,"2024-10-12 11:33:02,522",get_attractions_tickets,fetched 3 available tickets
HW8H0I,1,"2024-10-12 11:33:02,524",get_attractions,fetching attractions
HW8H0I,1,"2024-10-12 11:33:02,524",get_attractions,fetched 3 attractions
HW8H0I,2,"2024-10-12 11:33:02,525",get_attractions_time_slots,fetching time slots
HW8H0I,2,"2024-10-12 11:33:02,525",get_attractions_time_slots,fetched 7 time slots
HW8H0I,3,"2024-10-12 11:33:02,526",get_attractions_tickets,fetching available tickets
HW8H0I,3,"2024-10-12 11:33:02,526",get_attractions_tickets,fetched 3 available tickets
HW8H0I,4,"2024-10-12 11:33:02,528",booking,invalid payment details
F0KN5O,1,"2024-10-12 11:33:02,529",get_attractions,fetching attractions
F0KN5O,1,"2024-10-12 11:33:02,529",get_attractions,fetched 3 attractions
F0KN5O,2,"2024-10-12 11:33:02,530",get_attractions_time_slots,fetching time slots
F0KN5O,2,"2024-10-12 11:33:02,530",get_attractions_time_slots,fetched 7 time slots
VYYOHR,1,"2024-10-12 11:33:02,531",get_attractions,fetching attractions
VYYOHR,1,"2024-10-12 11:33:02,531",get_attractions,fetched 3 attractions
VYYOHR,2,"2024-10-12 11:33:02,532",get_attractions_time_slots,fetching time slots
VYYOHR,2,"2024-10-12 11:33:02,532",get_attractions_time_slots,fetched 7 time slots
VYYOHR,3,"2024-10-12 11:33:02,534",get_attractions_tickets,fetching available tickets
VYYOHR,3,"2024-10-12 11:33:02,535",get_attractions_tickets,fetched 3 available tickets
GI8SMW,1,"2024-10-12 11:33:02,538",get_attractions,fetching attractions
GI8SMW,1,"2024-10-12 11:33:02,538",get_attractions,fetched 3 attractions
GI8SMW,2,"2024-10-12 11:33:02,539",get_attractions_time_slots,fetching time slots
GI8SMW,2,"2024-10-12 11:33:02,539",get_attractions_time_slots,fetched 7 time slots
DQD0D4,1,"2024-10-12 11:33:02,540",get_attractions,fetching attractions
DQD0D4,1,"2024-10-12 11:33:02,540",get_attractions,fetched 3 attractions
DQD0D4,2,"2024-10-12 11:33:02,541",get_attractions_time_slots,fetching time slots
DQD0D4,2,"2024-10-12 11:33:02,541",get_attractions_time_slots,fetched 7 time slots
DQD0D4,3,"2024-10-12 11:33:02,542",get_attractions_tickets,fetching available tickets
DQD0D4,3,"2024-10-12 11:33:02,542",get_attractions_tickets,fetched 3 available tickets
8L5WA4,1,"2024-10-12 11:33:02,545",get_attractions,fetching attractions
8L5WA4,1,"2024-10-12 11:33:02,545",get_attractions,fetched 3 attractions
8L5WA4,2,"2024-10-12 11:33:02,546",get_attractions_time_slots,fetching time slots
8L5WA4,2,"2024-10-12 11:33:02,546",get_attractions_time_slots,fetched 7 time slots
8L5WA4,3,"2024-10-12 11:33:02,547",get_attractions_tickets,fetching available tickets
8L5WA4,3,"2024-10-12 11:33:02,547",get_attractions_tickets,fetched 3 available tickets
LFRQNL,1,"2024-10-12 11:33:02,550",get_attractions,fetching attractions
LFRQNL,1,"2024-10-12 11:33:02,550",get_attractions,fetched 3 attractions
LFRQNL,2,"2024-10-12 11:33:02,551",get_attractions_time_slots,fetching time slots
LFRQNL,2,"2024-10-12 11:33:02,551",get_attractions_time_slots,fetched 7 time slots
LFRQNL,3,"2024-10-12 11:33:02,552",get_attractions_tickets,fetching available tickets
LFRQNL,3,"2024-10-12 11:33:02,552",get_attractions_tickets,fetched 3 available tickets
P8VFOG,1,"2024-10-12 11:33:02,555",get_attractions,fetching attractions
P8VFOG,1,"2024-10-12 11:33:02,555",get_attractions,fetched 3 attractions
P8VFOG,2,"2024-10-12 11:33:02,556",get_attractions_time_slots,fetching time slots
P8VFOG,2,"2024-10-12 11:33:02,556",get_attractions_time_slots,fetched 7 time slots
P8VFOG,3,"2024-10-12 11:33:02,557",get_attractions_tickets,fetching available tickets
P8VFOG,3,"2024-10-12 11:33:02,557",get_attractions_tickets,fetched 3 available tickets
OHPSML,1,"2024-10-12 11:33:02,559",get_attractions,fetching attractions
OHPSML,1,"2024-10-12 11:33:02,560",get_attractions,fetched 3 attractions
OHPSML,2,"2024-10-12 11:33:02,561",get_attractions_time_slots,fetching time slots
OHPSML,2,"2024-10-12 11:33:02,561",get_attractions_time_slots,fetched 7 time slots
KS65WE,1,"2024-10-12 11:33:02,562",get_attractions,fetching attractions
KS65WE,1,"2024-10-12 11:33:02,562",get_attractions,fetched 3 attractions
KS65WE,2,"2024-10-12 11:33:02,563",get_attractions_time_slots,fetching time slots
KS65WE,2,"2024-10-12 11:33:02,563",get_attractions_time_slots,fetched 7 time slots
TE32WY,1,"2024-10-12 11:33:02,564",get_attractions,fetching attractions
TE32WY,1,"2024-10-12 11:33:02,564",get_attractions,fetched 3 attractions
TE32WY,2,"2024-10-12 11:33:02,565",get_attractions_time_slots,fetching time slots
TE32WY,2,"2024-10-12 11:33:02,565",get_attractions_time_slots,fetched 7 time slots
N26MBE,1,"2024-10-12 11:33:02,566",get_attractions,fetching attractions
N26MBE,1,"2024-10-12 11:33:02,566",get_attractions,fetched 3 attractions
N26MBE,2,"2024-10-12 11:33:02,567",get_attractions_time_slots,fetching time slots
N26MBE,2,"2024-10-12 11:33:02,567",get_attractions_time_slots,fetched 7 time slots
ITZ4PY,1,"2024-10-12 11:33:02,568",get_attractions,fetching attractions
ITZ4PY,1,"2024-10-12 11:33:02,569",get_attractions,fetched 3 attractions
ITZ4PY,2,"2024-10-12 11:33:02,570",get_attractions_time_slots,fetching time slots
ITZ4PY,2,"2024-10-12 11:33:02,570",get_attractions_time_slots,fetched 7 time slots
ITZ4PY,3,"2024-10-12 11:33:02,571",get_attractions_tickets,fetching available tickets
ITZ4PY,3,"2024-10-12 11:33:02,571",get_attractions_tickets,fetched 3 available tickets
QS8G6E,1,"2024-10-12 11:33:02,573",get_attractions,fetching attractions
QS8G6E,1,"2024-10-12 11:33:02,573",get_attractions,fetched 3 attractions
QS8G6E,2,"2024-10-12 11:33:02,574",get_attractions_time_slots,fetching time slots
QS8G6E,2,"2024-10-12 11:33:02,575",get_attractions_time_slots,fetched 7 time slots
Q4U5WV,1,"2024-10-12 11:33:02,576",get_attractions,fetching attractions
Q4U5WV,1,"2024-10-12 11:33:02,576",get_attractions,fetched 3 attractions
Q4U5WV,2,"2024-10-12 11:33:02,577",get_attractions_time_slots,fetching time slots
Q4U5WV,2,"2024-10-12 11:33:02,577",get_attractions_time_slots,fetched 7 time slots
Q4U5WV,3,"2024-10-12 11:33:02,578",get_attractions_tickets,fetching available tickets
Q4U5WV,3,"2024-10-12 11:33:02,578",get_attractions_tickets,fetched 3 available tickets
2QT7DR,1,"2024-10-12 11:33:02,580",get_attractions,fetching attractions
2QT7DR,1,"2024-10-12 11:33:02,580",get_attractions,fetched 3 attractions
2QT7DR,2,"2024-10-12 11:33:02,581",get_attractions_time_slots,fetching time slots
2QT7DR,2,"2024-10-12 11:33:02,582",get_attractions_time_slots,fetched 7 time slots
J5BCJN,1,"2024-10-12 11:33:02,583",get_attractions,fetching attractions
J5BCJN,1,"2024-10-12 11:33:02,583",get_attractions,fetched 3 attractions
J5BCJN,2,"2024-10-12 11:33:02,584",get_attractions_time_slots,fetching time slots
J5BCJN,2,"2024-10-12 11:33:02,584",get_attractions_time_slots,fetched 7 time slots
WTNLM2,1,"2024-10-12 11:33:02,585",get_attractions,fetching attractions
WTNLM2,1,"2024-10-12 11:33:02,585",get_attractions,fetched 3 attractions
WTNLM2,2,"2024-10-12 11:33:02,586",get_attractions_time_slots,fetching time slots
WTNLM2,2,"2024-10-12 11:33:02,586",get_attractions_time_slots,fetched 7 time slots
FFPO38,1,"2024-10-12 11:33:02,587",get_attractions,fetching attractions
FFPO38,1,"2024-10-12 11:33:02,587",get_attractions,fetched 3 attractions
FFPO38,2,"2024-10-12 11:33:02,588",get_attractions_time_slots,fetching time slots
FFPO38,2,"2024-10-12 11:33:02,588",get_attractions_time_slots,fetched 7 time slots
FFPO38,3,"2024-10-12 11:33:02,589",get_attractions_tickets,fetching available tickets
FFPO38,3,"2024-10-12 11:33:02,589",get_attractions_tickets,fetched 3 available tickets
0SBRD6,1,"2024-10-12 11:33:02,592",get_attractions,fetching attractions
0SBRD6,1,"2024-10-12 11:33:02,592",get_attractions,fetched 3 attractions
0SBRD6,2,"2024-10-12 11:33:02,593",get_attractions_time_slots,fetching time slots
0SBRD6,2,"2024-10-12 11:33:02,593",get_attractions_time_slots,fetched 7 time slots
0SBRD6,3,"2024-10-12 11:33:02,594",get_attractions_tickets,fetching available tickets
0SBRD6,3,"2024-10-12 11:33:02,594",get_attractions_tickets,fetched 3 available tickets
KH1ZAM,1,"2024-10-12 11:33:02,597",get_attractions,fetching attractions
KH1ZAM,1,"2024-10-12 11:33:02,597",get_attractions,fetched 3 attractions
KH1ZAM,2,"2024-10-12 11:33:02,598",get_attractions_time_slots,fetching time slots
KH1ZAM,2,"2024-10-12 11:33:02,598",get_attractions_time_slots,fetched 7 time slots
CWS7NX,1,"2024-10-12 11:33:02,599",get_attractions,fetching attractions
CWS7NX,1,"2024-10-12 11:33:02,599",get_attractions,fetched 3 attractions
CWS7NX,2,"2024-10-12 11:33:02,600",get_attractions_time_slots,fetching time slots
CWS7NX,2,"2024-10-12 11:33:02,601",get_attractions_time_slots,fetched 7 time slots
CWS7NX,3,"2024-10-12 11:33:02,602",get_attractions_tickets,fetching available tickets
CWS7NX,3,"2024-10-12 11:33:02,602",get_attractions_tickets,fetched 3 available tickets
H00X45,1,"2024-10-12 11:33:02,604",get_attractions,fetching attractions
H00X45,1,"2024-10-12 11:33:02,605",get_attractions,fetched 3 attractions
H00X45,2,"2024-10-12 11:33:02,606",get_attractions_time_slots,fetching time slots
H00X45,2,"2024-10-12 11:33:02,606",get_attractions_time_slots,fetched 7 time slots
H00X45,3,"2024-10-12 11:33:02,607",get_attractions_tickets,fetching available tickets
H00X45,3,"2024-10-12 11:33:02,607",get_attractions_tickets,fetched 3 available tickets
E3VKFB,1,"2024-10-12 11:33:02,609",get_attractions,fetching attractions
E3VKFB,1,"2024-10-12 11:33:02,609",get_attractions,fetched 3 attractions
E3VKFB,2,"2024-10-12 11:33:02,610",get_attractions_time_slots,fetching time slots
E3VKFB,2,"2024-10-12 11:33:02,610",get_attractions_time_slots,fetched 7 time slots
WH6O2A,1,"2024-10-12 11:33:02,611",get_attractions,fetching attractions
WH6O2A,1,"2024-10-12 11:33:02,611",get_attractions,fetched 3 attractions
WH6O2A,2,"2024-10-12 11:33:02,612",get_attractions_time_slots,fetching time slots
WH6O2A,2,"2024-10-12 11:33:02,613",get_attractions_time_slots,fetched 7 time slots
TSN1ZT,1,"2024-10-12 11:33:02,614",get_attractions,fetching attractions
TSN1ZT,1,"2024-10-12 11:33:02,614",get_attractions,fetched 3 attractions
TSN1ZT,2,"2024-10-12 11:33:02,615",get_attractions_time_slots,fetching time slots
TSN1ZT,2,"2024-10-12 11:33:02,615",get_attractions_time_slots,fetched 7 time slots
TSN1ZT,3,"2024-10-12 11:33:02,616",get_attractions_tickets,fetching available tickets
TSN1ZT,3,"2024-10-12 11:33:02,616",get_attractions_tickets,fetched 3 available tickets
TSN1ZT,4,"2024-10-12 11:33:02,619",booking,saving booking for attraction Museum
TSN1ZT,4,"2024-10-12 11:33:02,619",booking,saving booking for attraction Museum
TSN1ZT,4,"2024-10-12 11:33:02,620",booking,saving booking for attraction Museum
TSN1ZT,4,"2024-10-12 11:33:02,620",booking,updating available tickets for attraction Museum
TSN1ZT,4,"2024-10-12 11:33:02,620",booking,booking successful
TSN1ZT,5,"2024-10-12 11:33:02,621",get_booking,fetching booking
TSN1ZT,5,"2024-10-12 11:33:02,622",get_booking,fetched booking
YX0T22,1,"2024-10-12 11:33:02,623",get_attractions,fetching attractions
YX0T22,1,"2024-10-12 11:33:02,623",get_attractions,fetched 3 attractions
YX0T22,2,"2024-10-12 11:33:02,624",get_attractions_time_slots,fetching time slots
YX0T22,2,"2024-10-12 11:33:02,624",get_attractions_time_slots,fetched 7 time slots
ZICZMX,1,"2024-10-12 11:33:02,625",get_attractions,fetching attractions
ZICZMX,1,"2024-10-12 11:33:02,625",get_attractions,fetched 3 attractions
ZICZMX,2,"2024-10-12 11:33:02,626",get_attractions_time_slots,fetching time slots
ZICZMX,2,"2024-10-12 11:33:02,626",get_attractions_time_slots,fetched 7 time slots
ZICZMX,3,"2024-10-12 11:33:02,627",get_attractions_tickets,fetching available tickets
ZICZMX,3,"2024-10-12 11:33:02,627",get_attractions_tickets,fetched 3 available tickets
LVFNMO,1,"2024-10-12 11:33:02,629",get_attractions,fetching attractions
LVFNMO,1,"2024-10-12 11:33:02,629",get_attractions,fetched 3 attractions
LVFNMO,2,"2024-10-12 11:33:02,630",get_attractions_time_slots,fetching time slots
LVFNMO,2,"2024-10-12 11:33:02,630",get_attractions_time_slots,fetched 7 time slots
DEPVP0,1,"2024-10-12 11:33:02,631",get_attractions,fetching attractions
DEPVP0,1,"2024-10-12 11:33:02,631",get_attractions,fetched 3 attractions
DEPVP0,2,"2024-10-12 11:33:02,632",get_attractions_time_slots,fetching time slots
DEPVP0,2,"2024-10-12 11:33:02,632",get_attractions_time_slots,fetched 7 time slots
DEPVP0,3,"2024-10-12 11:33:02,633",get_attractions_tickets,fetching available tickets
DEPVP0,3,"2024-10-12 11:33:02,633",get_attractions_tickets,fetched 3 available tickets
DEPVP0,4,"2024-10-12 11:33:02,637",booking,saving booking for attraction Aquarium
DEPVP0,4,"2024-10-12 11:33:02,638",booking,saving booking for attraction Aquarium
DEPVP0,4,"2024-10-12 11:33:02,638",booking,saving booking for attraction Aquarium
DEPVP0,4,"2024-10-12 11:33:02,638",booking,updating available tickets for attraction Aquarium
DEPVP0,4,"2024-10-12 11:33:02,639",booking,booking successful
DEPVP0,5,"2024-10-12 11:33:02,640",get_booking,fetching booking
DEPVP0,5,"2024-10-12 11:33:02,640",get_booking,fetched booking
AF3P92,1,"2024-10-12 11:33:02,641",get_attractions,fetching attractions
AF3P92,1,"2024-10-12 11:33:02,641",get_attractions,fetched 3 attractions
AF3P92,2,"2024-10-12 11:33:02,642",get_attractions_time_slots,fetching time slots
AF3P92,2,"2024-10-12 11:33:02,642",get_attractions_time_slots,fetched 7 time slots
QD49PX,1,"2024-10-12 11:33:02,643",get_attractions,fetching attractions
QD49PX,1,"2024-10-12 11:33:02,643",get_attractions,fetched 3 attractions
QD49PX,2,"2024-10-12 11:33:02,644",get_attractions_time_slots,fetching time slots
QD49PX,2,"2024-10-12 11:33:02,644",get_attractions_time_slots,fetched 7 time slots
QD49PX,3,"2024-10-12 11:33:02,645",get_attractions_tickets,fetching available tickets
QD49PX,3,"2024-10-12 11:33:02,645",get_attractions_tickets,fetched 3 available tickets
QD49PX,4,"2024-10-12 11:33:02,648",booking,saving booking for attraction Art Gallery
QD49PX,4,"2024-10-12 11:33:02,648",booking,saving booking for attraction Art Gallery
QD49PX,4,"2024-10-12 11:33:02,649",booking,saving booking for attraction Art Gallery
QD49PX,4,"2024-10-12 11:33:02,649",booking,updating available tickets for attraction Art Gallery
QD49PX,4,"2024-10-12 11:33:02,649",booking,booking successful
QD49PX,5,"2024-10-12 11:33:02,650",get_booking,fetching booking
QD49PX,5,"2024-10-12 11:33:02,651",get_booking,fetched booking
OT4JF9,1,"2024-10-12 11:33:02,652",get_attractions,fetching attractions
OT4JF9,1,"2024-10-12 11:33:02,652",get_attractions,fetched 3 attractions
OT4JF9,2,"2024-10-12 11:33:02,653",get_attractions_time_slots,fetching time slots
OT4JF9,2,"2024-10-12 11:33:02,653",get_attractions_time_slots,fetched 7 time slots
OT4JF9,3,"2024-10-12 11:33:02,654",get_attractions_tickets,fetching available tickets
OT4JF9,3,"2024-10-12 11:33:02,654",get_attractions_tickets,fetched 3 available tickets
OT4JF9,4,"2024-10-12 11:33:02,656",booking,saving booking for attraction Art Gallery
OT4JF9,4,"2024-10-12 11:33:02,657",booking,saving booking for attraction Art Gallery
OT4JF9,4,"2024-10-12 11:33:02,657",booking,saving booking for attraction Art Gallery
OT4JF9,4,"2024-10-12 11:33:02,658",booking,updating available tickets for attraction Art Gallery
OT4JF9,4,"2024-10-12 11:33:02,658",booking,booking successful
OT4JF9,5,"2024-10-12 11:33:02,659",get_booking,fetching booking
OT4JF9,5,"2024-10-12 11:33:02,659",get_booking,fetched booking
2AW870,1,"2024-10-12 11:33:02,660",get_attractions,fetching attractions
2AW870,1,"2024-10-12 11:33:02,660",get_attractions,fetched 3 attractions
2AW870,2,"2024-10-12 11:33:02,661",get_attractions_time_slots,fetching time slots
2AW870,2,"2024-10-12 11:33:02,661",get_attractions_time_slots,fetched 7 time slots
2AW870,3,"2024-10-12 11:33:02,662",get_attractions_tickets,fetching available tickets
2AW870,3,"2024-10-12 11:33:02,662",get_attractions_tickets,fetched 3 available tickets
2AW870,4,"2024-10-12 11:33:02,665",booking,invalid payment details
UARTOA,1,"2024-10-12 11:33:02,666",get_attractions,fetching attractions
UARTOA,1,"2024-10-12 11:33:02,666",get_attractions,fetched 3 attractions
UARTOA,2,"2024-10-12 11:33:02,667",get_attractions_time_slots,fetching time slots
UARTOA,2,"2024-10-12 11:33:02,667",get_attractions_time_slots,fetched 7 time slots
UARTOA,3,"2024-10-12 11:33:02,668",get_attractions_tickets,fetching available tickets
UARTOA,3,"2024-10-12 11:33:02,668",get_attractions_tickets,fetched 3 available tickets
TNTWEX,1,"2024-10-12 11:33:02,670",get_attractions,fetching attractions
TNTWEX,1,"2024-10-12 11:33:02,670",get_attractions,fetched 3 attractions
TNTWEX,2,"2024-10-12 11:33:02,671",get_attractions_time_slots,fetching time slots
TNTWEX,2,"2024-10-12 11:33:02,672",get_attractions_time_slots,fetched 7 time slots
BDTFZH,1,"2024-10-12 11:33:02,673",get_attractions,fetching attractions
BDTFZH,1,"2024-10-12 11:33:02,673",get_attractions,fetched 3 attractions
BDTFZH,2,"2024-10-12 11:33:02,674",get_attractions_time_slots,fetching time slots
BDTFZH,2,"2024-10-12 11:33:02,674",get_attractions_time_slots,fetched 7 time slots
YK9SMY,1,"2024-10-12 11:33:02,675",get_attractions,fetching attractions
YK9SMY,1,"2024-10-12 11:33:02,675",get_attractions,fetched 3 attractions
YK9SMY,2,"2024-10-12 11:33:02,676",get_attractions_time_slots,fetching time slots
YK9SMY,2,"2024-10-12 11:33:02,676",get_attractions_time_slots,fetched 7 time slots
YK9SMY,3,"2024-10-12 11:33:02,677",get_attractions_tickets,fetching available tickets
YK9SMY,3,"2024-10-12 11:33:02,677",get_attractions_tickets,fetched 3 available tickets
0XCBG6,1,"2024-10-12 11:33:02,680",get_attractions,fetching attractions
0XCBG6,1,"2024-10-12 11:33:02,680",get_attractions,fetched 3 attractions
0XCBG6,2,"2024-10-12 11:33:02,681",get_attractions_time_slots,fetching time slots
0XCBG6,2,"2024-10-12 11:33:02,681",get_attractions_time_slots,fetched 7 time slots
0XCBG6,3,"2024-10-12 11:33:02,682",get_attractions_tickets,fetching available tickets
0XCBG6,3,"2024-10-12 11:33:02,682",get_attractions_tickets,fetched 3 available tickets
JKMUDI,1,"2024-10-12 11:33:02,684",get_attractions,fetching attractions
JKMUDI,1,"2024-10-12 11:33:02,685",get_attractions,fetched 3 attractions
JKMUDI,2,"2024-10-12 11:33:02,686",get_attractions_time_slots,fetching time slots
JKMUDI,2,"2024-10-12 11:33:02,686",get_attractions_time_slots,fetched 7 time slots
Q23JH5,1,"2024-10-12 11:33:02,687",get_attractions,fetching attractions
Q23JH5,1,"2024-10-12 11:33:02,687",get_attractions,fetched 3 attractions
Q23JH5,2,"2024-10-12 11:33:02,688",get_attractions_time_slots,fetching time slots
Q23JH5,2,"2024-10-12 11:33:02,688",get_attractions_time_slots,fetched 7 time slots
Q23JH5,3,"2024-10-12 11:33:02,689",get_attractions_tickets,fetching available tickets
Q23JH5,3,"2024-10-12 11:33:02,689",get_attractions_tickets,fetched 3 available tickets
Q23JH5,4,"2024-10-12 11:33:02,692",booking,invalid payment details
QQPQAV,1,"2024-10-12 11:33:02,693",get_attractions,fetching attractions
QQPQAV,1,"2024-10-12 11:33:02,693",get_attractions,fetched 3 attractions
QQPQAV,2,"2024-10-12 11:33:02,694",get_attractions_time_slots,fetching time slots
QQPQAV,2,"2024-10-12 11:33:02,694",get_attractions_time_slots,fetched 7 time slots
V48Z4F,1,"2024-10-12 11:33:02,695",get_attractions,fetching attractions
V48Z4F,1,"2024-10-12 11:33:02,695",get_attractions,fetched 3 attractions
V48Z4F,2,"2024-10-12 11:33:02,696",get_attractions_time_slots,fetching time slots
V48Z4F,2,"2024-10-12 11:33:02,696",get_attractions_time_slots,fetched 7 time slots
V48Z4F,3,"2024-10-12 11:33:02,697",get_attractions_tickets,fetching available tickets
V48Z4F,3,"2024-10-12 11:33:02,697",get_attractions_tickets,fetched 3 available tickets
0RNTJ2,1,"2024-10-12 11:33:02,700",get_attractions,fetching attractions
0RNTJ2,1,"2024-10-12 11:33:02,700",get_attractions,fetched 3 attractions
0RNTJ2,2,"2024-10-12 11:33:02,701",get_attractions_time_slots,fetching time slots
0RNTJ2,2,"2024-10-12 11:33:02,701",get_attractions_time_slots,fetched 7 time slots
0RNTJ2,3,"2024-10-12 11:33:02,702",get_attractions_tickets,fetching available tickets
0RNTJ2,3,"2024-10-12 11:33:02,702",get_attractions_tickets,fetched 3 available tickets
0RNTJ2,4,"2024-10-12 11:33:02,705",booking,invalid payment details
877OEU,1,"2024-10-12 11:33:02,706",get_attractions,fetching attractions
877OEU,1,"2024-10-12 11:33:02,706",get_attractions,fetched 3 attractions
877OEU,2,"2024-10-12 11:33:02,707",get_attractions_time_slots,fetching time slots
877OEU,2,"2024-10-12 11:33:02,707",get_attractions_time_slots,fetched 7 time slots
877OEU,3,"2024-10-12 11:33:02,708",get_attractions_tickets,fetching available tickets
877OEU,3,"2024-10-12 11:33:02,708",get_attractions_tickets,fetched 3 available tickets
877OEU,4,"2024-10-12 11:33:02,711",booking,saving booking for attraction Museum
877OEU,4,"2024-10-12 11:33:02,711",booking,saving booking for attraction Museum
877OEU,4,"2024-10-12 11:33:02,712",booking,updating available tickets for attraction Museum
877OEU,4,"2024-10-12 11:33:02,712",booking,booking successful
877OEU,5,"2024-10-12 11:33:02,713",get_booking,fetching booking
877OEU,5,"2024-10-12 11:33:02,713",get_booking,fetched booking
CT7L7B,1,"2024-10-12 11:33:02,714",get_attractions,fetching attractions
CT7L7B,1,"2024-10-12 11:33:02,715",get_attractions,fetched 3 attractions
CT7L7B,2,"2024-10-12 11:33:02,715",get_attractions_time_slots,fetching time slots
CT7L7B,2,"2024-10-12 11:33:02,716",get_attractions_time_slots,fetched 7 time slots
CT7L7B,3,"2024-10-12 11:33:02,717",get_attractions_tickets,fetching available tickets
CT7L7B,3,"2024-10-12 11:33:02,717",get_attractions_tickets,fetched 3 available tickets
CT7L7B,4,"2024-10-12 11:33:02,720",booking,invalid payment details
E0CGPA,1,"2024-10-12 11:33:02,721",get_attractions,fetching attractions
E0CGPA,1,"2024-10-12 11:33:02,722",get_attractions,fetched 3 attractions
E0CGPA,2,"2024-10-12 11:33:02,723",get_attractions_time_slots,fetching time slots
E0CGPA,2,"2024-10-12 11:33:02,723",get_attractions_time_slots,fetched 7 time slots
HFIYHJ,1,"2024-10-12 11:33:02,724",get_attractions,fetching attractions
HFIYHJ,1,"2024-10-12 11:33:02,724",get_attractions,fetched 3 attractions
HFIYHJ,2,"2024-10-12 11:33:02,725",get_attractions_time_slots,fetching time slots
HFIYHJ,2,"2024-10-12 11:33:02,725",get_attractions_time_slots,fetched 7 time slots
HFIYHJ,3,"2024-10-12 11:33:02,726",get_attractions_tickets,fetching available tickets
HFIYHJ,3,"2024-10-12 11:33:02,726",get_attractions_tickets,fetched 3 available tickets
HFIYHJ,4,"2024-10-12 11:33:02,729",booking,invalid payment details
KZQZUM,1,"2024-10-12 11:33:02,730",get_attractions,fetching attractions
KZQZUM,1,"2024-10-12 11:33:02,730",get_attractions,fetched 3 attractions
KZQZUM,2,"2024-10-12 11:33:02,731",get_attractions_time_slots,fetching time slots
KZQZUM,2,"2024-10-12 11:33:02,731",get_attractions_time_slots,fetched 7 time slots
YRB1ZI,1,"2024-10-12 11:33:02,732",get_attractions,fetching attractions
YRB1ZI,1,"2024-10-12 11:33:02,732",get_attractions,fetched 3 attractions
YRB1ZI,2,"2024-10-12 11:33:02,733",get_attractions_time_slots,fetching time slots
YRB1ZI,2,"2024-10-12 11:33:02,734",get_attractions_time_slots,fetched 7 time slots
SOLP2L,1,"2024-10-12 11:33:02,735",get_attractions,fetching attractions
SOLP2L,1,"2024-10-12 11:33:02,735",get_attractions,fetched 3 attractions
SOLP2L,2,"2024-10-12 11:33:02,736",get_attractions_time_slots,fetching time slots
SOLP2L,2,"2024-10-12 11:33:02,736",get_attractions_time_slots,fetched 7 time slots
SOLP2L,3,"2024-10-12 11:33:02,737",get_attractions_tickets,fetching available tickets
SOLP2L,3,"2024-10-12 11:33:02,737",get_attractions_tickets,fetched 3 available tickets
SOLP2L,4,"2024-10-12 11:33:02,740",booking,saving booking for attraction Aquarium
SOLP2L,4,"2024-10-12 11:33:02,740",booking,saving booking for attraction Aquarium
SOLP2L,4,"2024-10-12 11:33:02,741",booking,saving booking for attraction Aquarium
SOLP2L,4,"2024-10-12 11:33:02,742",booking,updating available tickets for attraction Aquarium
SOLP2L,4,"2024-10-12 11:33:02,742",booking,booking successful
SOLP2L,5,"2024-10-12 11:33:02,743",get_booking,fetching booking
SOLP2L,5,"2024-10-12 11:33:02,743",get_booking,fetched booking
E4LTAE,1,"2024-10-12 11:33:02,744",get_attractions,fetching attractions
E4LTAE,1,"2024-10-12 11:33:02,744",get_attractions,fetched 3 attractions
E4LTAE,2,"2024-10-12 11:33:02,745",get_attractions_time_slots,fetching time slots
E4LTAE,2,"2024-10-12 11:33:02,745",get_attractions_time_slots,fetched 7 time slots
E4LTAE,3,"2024-10-12 11:33:02,746",get_attractions_tickets,fetching available tickets
E4LTAE,3,"2024-10-12 11:33:02,746",get_attractions_tickets,fetched 3 available tickets
E4LTAE,4,"2024-10-12 11:33:02,748",booking,invalid payment details
OUHH8R,1,"2024-10-12 11:33:02,749",get_attractions,fetching attractions
OUHH8R,1,"2024-10-12 11:33:02,749",get_attractions,fetched 3 attractions
OUHH8R,2,"2024-10-12 11:33:02,750",get_attractions_time_slots,fetching time slots
OUHH8R,2,"2024-10-12 11:33:02,751",get_attractions_time_slots,fetched 7 time slots
OUHH8R,3,"2024-10-12 11:33:02,751",get_attractions_tickets,fetching available tickets
OUHH8R,3,"2024-10-12 11:33:02,751",get_attractions_tickets,fetched 3 available tickets
QN47N3,1,"2024-10-12 11:33:02,754",get_attractions,fetching attractions
QN47N3,1,"2024-10-12 11:33:02,754",get_attractions,fetched 3 attractions
QN47N3,2,"2024-10-12 11:33:02,755",get_attractions_time_slots,fetching time slots
QN47N3,2,"2024-10-12 11:33:02,755",get_attractions_time_slots,fetched 7 time slots
K6DV6G,1,"2024-10-12 11:33:02,756",get_attractions,fetching attractions
K6DV6G,1,"2024-10-12 11:33:02,756",get_attractions,fetched 3 attractions
K6DV6G,2,"2024-10-12 11:33:02,757",get_attractions_time_slots,fetching time slots
K6DV6G,2,"2024-10-12 11:33:02,757",get_attractions_time_slots,fetched 7 time slots
SKHT60,1,"2024-10-12 11:33:02,758",get_attractions,fetching attractions
SKHT60,1,"2024-10-12 11:33:02,758",get_attractions,fetched 3 attractions
SKHT60,2,"2024-10-12 11:33:02,759",get_attractions_time_slots,fetching time slots
SKHT60,2,"2024-10-12 11:33:02,759",get_attractions_time_slots,fetched 7 time slots
SKHT60,3,"2024-10-12 11:33:02,760",get_attractions_tickets,fetching available tickets
SKHT60,3,"2024-10-12 11:33:02,761",get_attractions_tickets,fetched 3 available tickets
WNEA4Y,1,"2024-10-12 11:33:02,763",get_attractions,fetching attractions
WNEA4Y,1,"2024-10-12 11:33:02,763",get_attractions,fetched 3 attractions
WNEA4Y,2,"2024-10-12 11:33:02,764",get_attractions_time_slots,fetching time slots
WNEA4Y,2,"2024-10-12 11:33:02,764",get_attractions_time_slots,fetched 7 time slots
WNEA4Y,3,"2024-10-12 11:33:02,765",get_attractions_tickets,fetching available tickets
WNEA4Y,3,"2024-10-12 11:33:02,765",get_attractions_tickets,fetched 3 available tickets
WNEA4Y,4,"2024-10-12 11:33:02,768",booking,invalid payment details
2E9KPD,1,"2024-10-12 11:33:02,769",get_attractions,fetching attractions
2E9KPD,1,"2024-10-12 11:33:02,769",get_attractions,fetched 3 attractions
2E9KPD,2,"2024-10-12 11:33:02,771",get_attractions_time_slots,fetching time slots
2E9KPD,2,"2024-10-12 11:33:02,771",get_attractions_time_slots,fetched 7 time slots
2E9KPD,3,"2024-10-12 11:33:02,772",get_attractions_tickets,fetching available tickets
2E9KPD,3,"2024-10-12 11:33:02,772",get_attractions_tickets,fetched 3 available tickets
K3YZFA,1,"2024-10-12 11:33:02,774",get_attractions,fetching attractions
K3YZFA,1,"2024-10-12 11:33:02,775",get_attractions,fetched 3 attractions
K3YZFA,2,"2024-10-12 11:33:02,775",get_attractions_time_slots,fetching time slots
K3YZFA,2,"2024-10-12 11:33:02,776",get_attractions_time_slots,fetched 7 time slots
K3YZFA,3,"2024-10-12 11:33:02,777",get_attractions_tickets,fetching available tickets
K3YZFA,3,"2024-10-12 11:33:02,777",get_attractions_tickets,fetched 3 available tickets
OC2O39,1,"2024-10-12 11:33:02,779",get_attractions,fetching attractions
OC2O39,1,"2024-10-12 11:33:02,779",get_attractions,fetched 3 attractions
OC2O39,2,"2024-10-12 11:33:02,780",get_attractions_time_slots,fetching time slots
OC2O39,2,"2024-10-12 11:33:02,780",get_attractions_time_slots,fetched 7 time slots
OC2O39,3,"2024-10-12 11:33:02,781",get_attractions_tickets,fetching available tickets
OC2O39,3,"2024-10-12 11:33:02,782",get_attractions_tickets,fetched 3 available tickets
OC2O39,4,"2024-10-12 11:33:02,784",booking,saving booking for attraction Museum
OC2O39,4,"2024-10-12 11:33:02,785",booking,saving booking for attraction Museum
OC2O39,4,"2024-10-12 11:33:02,785",booking,saving booking for attraction Museum
OC2O39,4,"2024-10-12 11:33:02,785",booking,updating available tickets for attraction Museum
OC2O39,4,"2024-10-12 11:33:02,786",booking,booking successful
OC2O39,5,"2024-10-12 11:33:02,787",get_booking,fetching booking
OC2O39,5,"2024-10-12 11:33:02,787",get_booking,fetched booking
IWOLMZ,1,"2024-10-12 11:33:02,788",get_attractions,fetching attractions
IWOLMZ,1,"2024-10-12 11:33:02,788",get_attractions,fetched 3 attractions
IWOLMZ,2,"2024-10-12 11:33:02,789",get_attractions_time_slots,fetching time slots
IWOLMZ,2,"2024-10-12 11:33:02,789",get_attractions_time_slots,fetched 7 time slots
IWOLMZ,3,"2024-10-12 11:33:02,790",get_attractions_tickets,fetching available tickets
IWOLMZ,3,"2024-10-12 11:33:02,790",get_attractions_tickets,fetched 3 available tickets
IWOLMZ,4,"2024-10-12 11:33:02,793",booking,saving booking for attraction Museum
IWOLMZ,4,"2024-10-12 11:33:02,793",booking,saving booking for attraction Museum
IWOLMZ,4,"2024-10-12 11:33:02,794",booking,updating available tickets for attraction Museum
IWOLMZ,4,"2024-10-12 11:33:02,794",booking,booking successful
IWOLMZ,5,"2024-10-12 11:33:02,795",get_booking,fetching booking
IWOLMZ,5,"2024-10-12 11:33:02,795",get_booking,fetched booking
MNZE5K,1,"2024-10-12 11:33:02,796",get_attractions,fetching attractions
MNZE5K,1,"2024-10-12 11:33:02,797",get_attractions,fetched 3 attractions
MNZE5K,2,"2024-10-12 11:33:02,797",get_attractions_time_slots,fetching time slots
MNZE5K,2,"2024-10-12 11:33:02,798",get_attractions_time_slots,fetched 7 time slots
MNZE5K,3,"2024-10-12 11:33:02,798",get_attractions_tickets,fetching available tickets
MNZE5K,3,"2024-10-12 11:33:02,799",get_attractions_tickets,fetched 3 available tickets
XN9LA3,1,"2024-10-12 11:33:02,801",get_attractions,fetching attractions
XN9LA3,1,"2024-10-12 11:33:02,801",get_attractions,fetched 3 attractions
XN9LA3,2,"2024-10-12 11:33:02,802",get_attractions_time_slots,fetching time slots
XN9LA3,2,"2024-10-12 11:33:02,802",get_attractions_time_slots,fetched 7 time slots
XN9LA3,3,"2024-10-12 11:33:02,803",get_attractions_tickets,fetching available tickets
XN9LA3,3,"2024-10-12 11:33:02,803",get_attractions_tickets,fetched 3 available tickets
XN9LA3,4,"2024-10-12 11:33:02,806",booking,saving booking for attraction Aquarium
XN9LA3,4,"2024-10-12 11:33:02,807",booking,saving booking for attraction Aquarium
XN9LA3,4,"2024-10-12 11:33:02,807",booking,saving booking for attraction Aquarium
XN9LA3,4,"2024-10-12 11:33:02,808",booking,updating available tickets for attraction Aquarium
XN9LA3,4,"2024-10-12 11:33:02,808",booking,booking successful
XN9LA3,5,"2024-10-12 11:33:02,809",get_booking,fetching booking
XN9LA3,5,"2024-10-12 11:33:02,809",get_booking,fetched booking
UXYKOQ,1,"2024-10-12 11:33:02,810",get_attractions,fetching attractions
UXYKOQ,1,"2024-10-12 11:33:02,810",get_attractions,fetched 3 attractions
UXYKOQ,2,"2024-10-12 11:33:02,811",get_attractions_time_slots,fetching time slots
UXYKOQ,2,"2024-10-12 11:33:02,811",get_attractions_time_slots,fetched 7 time slots
4MJYWN,1,"2024-10-12 11:33:02,812",get_attractions,fetching attractions
4MJYWN,1,"2024-10-12 11:33:02,812",get_attractions,fetched 3 attractions
4MJYWN,2,"2024-10-12 11:33:02,813",get_attractions_time_slots,fetching time slots
4MJYWN,2,"2024-10-12 11:33:02,813",get_attractions_time_slots,fetched 7 time slots
DABRQP,1,"2024-10-12 11:33:02,814",get_attractions,fetching attractions
DABRQP,1,"2024-10-12 11:33:02,814",get_attractions,fetched 3 attractions
DABRQP,2,"2024-10-12 11:33:02,815",get_attractions_time_slots,fetching time slots
DABRQP,2,"2024-10-12 11:33:02,815",get_attractions_time_slots,fetched 7 time slots
HMKI06,1,"2024-10-12 11:33:02,816",get_attractions,fetching attractions
HMKI06,1,"2024-10-12 11:33:02,816",get_attractions,fetched 3 attractions
HMKI06,2,"2024-10-12 11:33:02,817",get_attractions_time_slots,fetching time slots
HMKI06,2,"2024-10-12 11:33:02,817",get_attractions_time_slots,fetched 7 time slots
HMKI06,3,"2024-10-12 11:33:02,818",get_attractions_tickets,fetching available tickets
HMKI06,3,"2024-10-12 11:33:02,819",get_attractions_tickets,fetched 3 available tickets
HMKI06,4,"2024-10-12 11:33:02,822",booking,saving booking for attraction Art Gallery
HMKI06,4,"2024-10-12 11:33:02,822",booking,saving booking for attraction Art Gallery
HMKI06,4,"2024-10-12 11:33:02,822",booking,updating available tickets for attraction Art Gallery
HMKI06,4,"2024-10-12 11:33:02,823",booking,booking successful
HMKI06,5,"2024-10-12 11:33:02,824",get_booking,fetching booking
HMKI06,5,"2024-10-12 11:33:02,824",get_booking,fetched booking
3ZRR9S,1,"2024-10-12 11:33:02,825",get_attractions,fetching attractions
3ZRR9S,1,"2024-10-12 11:33:02,825",get_attractions,fetched 3 attractions
3ZRR9S,2,"2024-10-12 11:33:02,826",get_attractions_time_slots,fetching time slots
3ZRR9S,2,"2024-10-12 11:33:02,826",get_attractions_time_slots,fetched 7 time slots
3ZRR9S,3,"2024-10-12 11:33:02,827",get_attractions_tickets,fetching available tickets
3ZRR9S,3,"2024-10-12 11:33:02,827",get_attractions_tickets,fetched 3 available tickets
3ZRR9S,4,"2024-10-12 11:33:02,830",booking,saving booking for attraction Aquarium
3ZRR9S,4,"2024-10-12 11:33:02,830",booking,saving booking for attraction Aquarium
3ZRR9S,4,"2024-10-12 11:33:02,831",booking,saving booking for attraction Aquarium
3ZRR9S,4,"2024-10-12 11:33:02,831",booking,updating available tickets for attraction Aquarium
3ZRR9S,4,"2024-10-12 11:33:02,831",booking,booking successful
3ZRR9S,5,"2024-10-12 11:33:02,832",get_booking,fetching booking
3ZRR9S,5,"2024-10-12 11:33:02,832",get_booking,fetched booking
XMNKBD,1,"2024-10-12 11:33:02,833",get_attractions,fetching attractions
XMNKBD,1,"2024-10-12 11:33:02,833",get_attractions,fetched 3 attractions
XMNKBD,2,"2024-10-12 11:33:02,834",get_attractions_time_slots,fetching time slots
XMNKBD,2,"2024-10-12 11:33:02,834",get_attractions_time_slots,fetched 7 time slots
XMNKBD,3,"2024-10-12 11:33:02,835",get_attractions_tickets,fetching available tickets
XMNKBD,3,"2024-10-12 11:33:02,836",get_attractions_tickets,fetched 3 available tickets
XMNKBD,4,"2024-10-12 11:33:02,838",booking,invalid payment details
JEB42H,1,"2024-10-12 11:33:02,839",get_attractions,fetching attractions
JEB42H,1,"2024-10-12 11:33:02,839",get_attractions,fetched 3 attractions
JEB42H,2,"2024-10-12 11:33:02,840",get_attractions_time_slots,fetching time slots
JEB42H,2,"2024-10-12 11:33:02,840",get_attractions_time_slots,fetched 7 time slots
22ZPLN,1,"2024-10-12 11:33:02,841",get_attractions,fetching attractions
22ZPLN,1,"2024-10-12 11:33:02,841",get_attractions,fetched 3 attractions
22ZPLN,2,"2024-10-12 11:33:02,842",get_attractions_time_slots,fetching time slots
22ZPLN,2,"2024-10-12 11:33:02,842",get_attractions_time_slots,fetched 7 time slots
SHQ5XD,1,"2024-10-12 11:33:02,843",get_attractions,fetching attractions
SHQ5XD,1,"2024-10-12 11:33:02,843",get_attractions,fetched 3 attractions
SHQ5XD,2,"2024-10-12 11:33:02,844",get_attractions_time_slots,fetching time slots
SHQ5XD,2,"2024-10-12 11:33:02,844",get_attractions_time_slots,fetched 7 time slots
GVYIJO,1,"2024-10-12 11:33:02,845",get_attractions,fetching attractions
GVYIJO,1,"2024-10-12 11:33:02,845",get_attractions,fetched 3 attractions
GVYIJO,2,"2024-10-12 11:33:02,846",get_attractions_time_slots,fetching time slots
GVYIJO,2,"2024-10-12 11:33:02,846",get_attractions_time_slots,fetched 7 time slots
GVYIJO,3,"2024-10-12 11:33:02,847",get_attractions_tickets,fetching available tickets
GVYIJO,3,"2024-10-12 11:33:02,847",get_attractions_tickets,fetched 3 available tickets
YRWQ76,1,"2024-10-12 11:33:02,850",get_attractions,fetching attractions
YRWQ76,1,"2024-10-12 11:33:02,850",get_attractions,fetched 3 attractions
YRWQ76,2,"2024-10-12 11:33:02,851",get_attractions_time_slots,fetching time slots
YRWQ76,2,"2024-10-12 11:33:02,851",get_attractions_time_slots,fetched 7 time slots
YRWQ76,3,"2024-10-12 11:33:02,852",get_attractions_tickets,fetching available tickets
YRWQ76,3,"2024-10-12 11:33:02,852",get_attractions_tickets,fetched 3 available tickets
T47T7M,1,"2024-10-12 11:33:02,855",get_attractions,fetching attractions
T47T7M,1,"2024-10-12 11:33:02,855",get_attractions,fetched 3 attractions
T47T7M,2,"2024-10-12 11:33:02,856",get_attractions_time_slots,fetching time slots
T47T7M,2,"2024-10-12 11:33:02,856",get_attractions_time_slots,fetched 7 time slots
OZ2ASZ,1,"2024-10-12 11:33:02,857",get_attractions,fetching attractions
OZ2ASZ,1,"2024-10-12 11:33:02,857",get_attractions,fetched 3 attractions
OZ2ASZ,2,"2024-10-12 11:33:02,858",get_attractions_time_slots,fetching time slots
OZ2ASZ,2,"2024-10-12 11:33:02,858",get_attractions_time_slots,fetched 7 time slots
A33D4T,1,"2024-10-12 11:33:02,859",get_attractions,fetching attractions
A33D4T,1,"2024-10-12 11:33:02,859",get_attractions,fetched 3 attractions
A33D4T,2,"2024-10-12 11:33:02,860",get_attractions_time_slots,fetching time slots
A33D4T,2,"2024-10-12 11:33:02,860",get_attractions_time_slots,fetched 7 time slots
A33D4T,3,"2024-10-12 11:33:02,861",get_attractions_tickets,fetching available tickets
A33D4T,3,"2024-10-12 11:33:02,862",get_attractions_tickets,fetched 3 available tickets
5RTYZY,1,"2024-10-12 11:33:02,864",get_attractions,fetching attractions
5RTYZY,1,"2024-10-12 11:33:02,864",get_attractions,fetched 3 attractions
5RTYZY,2,"2024-10-12 11:33:02,865",get_attractions_time_slots,fetching time slots
5RTYZY,2,"2024-10-12 11:33:02,865",get_attractions_time_slots,fetched 7 time slots
5RTYZY,3,"2024-10-12 11:33:02,866",get_attractions_tickets,fetching available tickets
5RTYZY,3,"2024-10-12 11:33:02,866",get_attractions_tickets,fetched 3 available tickets
QSDWXT,1,"2024-10-12 11:33:02,869",get_attractions,fetching attractions
QSDWXT,1,"2024-10-12 11:33:02,869",get_attractions,fetched 3 attractions
QSDWXT,2,"2024-10-12 11:33:02,870",get_attractions_time_slots,fetching time slots
QSDWXT,2,"2024-10-12 11:33:02,870",get_attractions_time_slots,fetched 7 time slots
